loanKey,lineItemId,paymentDate,amount
AGF53MBO7CU,WZH55HLV1CC,11/6/11,98
AGF53MBO7CU,DUM29FIH3NK,1/4/13,32
AGF53MBO7CU,SDG62XIM4HS,6/21/12,91
AGF53MBO7CU,XTH61FBI6YA,5/12/12,92
AGS26WLH9DD,JEH82PFD2PX,3/25/13,82
AGS26WLH9DD,BAQ07CTQ7GI,1/2/12,87
AGS26WLH9DD,GNC53GBC1WX,4/22/11,56
AGS26WLH9DD,UHB10CPG5VJ,6/6/11,94
AGS26WLH9DD,DQA03UIU8RV,5/7/12,67
AJU26VXA0CI,VAK71LQZ8SZ,9/19/11,61
AJU26VXA0CI,WFY63HKI3BQ,12/25/11,67
AJU26VXA0CI,BXE10YQI1NU,5/9/11,37
AJU26VXA0CI,NWP44SPV4UO,2/11/12,51
AJU26VXA0CI,BDM03IVW8GY,11/21/12,57
AJU26VXA0CI,FVM53PWW1YP,4/19/12,20
AJU26VXA0CI,HDT79VJH3MY,7/5/11,63
AJU26VXA0CI,DSM61JQU0SK,5/1/12,15
AJU26VXA0CI,QMA98BFB7JK,3/18/12,48
ALN29ITA2RK,HUA72QQE4QX,4/14/11,27
ALN29ITA2RK,XJX83UNT5YZ,4/22/12,68
ALN29ITA2RK,BJC14QXY4JO,11/23/11,36
ALN29ITA2RK,QPV56OXJ4DY,4/30/11,10
ALN64WLN4ES,QRJ96MOQ4JS,1/3/13,29
ALN64WLN4ES,GXS50JMB9AE,4/19/11,18
ALN64WLN4ES,KLH08PGU1DT,6/1/12,70
ALN64WLN4ES,JSL96YKP5QE,7/18/11,23
ALN64WLN4ES,CUG10ORF7MX,5/18/12,91
ALN64WLN4ES,NAP51UCF5TA,11/10/12,83
AUZ43TPE6TG,HLB78ZAN0TU,3/22/13,75
AUZ43TPE6TG,YSQ51SJB7QF,10/25/11,5
AUZ43TPE6TG,ZXA70JVL6EV,4/27/12,55
AUZ43TPE6TG,QCE51UUC3DC,8/6/12,65
AXZ01YSI3JP,CIA14WWU0YG,5/7/11,21
AXZ01YSI3JP,GUE15YKN7UM,10/4/11,72
AXZ01YSI3JP,YSO52TVL7ZW,7/4/12,70
AXZ01YSI3JP,YEQ14KSU5DM,9/8/12,1
AXZ01YSI3JP,TUA93MPS1VO,10/24/12,1
AXZ01YSI3JP,GQH53PVV8OR,7/4/12,55
AXZ01YSI3JP,EST91ZWN8SL,4/16/12,27
AYP42FPO3FL,SLX10YVV7RV,11/16/12,10
AYP42FPO3FL,YDI25JEI0OX,10/25/11,11
AYP42FPO3FL,DJI58FWC5NB,1/12/12,70
AYP42FPO3FL,KGQ12VBX6LQ,12/23/11,75
AYP42FPO3FL,MXR43RFZ1NO,10/28/12,53
AYP42FPO3FL,QHO32YXR3VD,7/8/12,15
BCA85CCQ0TQ,KVH16FUU1RG,3/2/12,1
BCA85CCQ0TQ,VYH37SYO8YZ,4/13/12,59
BEU12KCU7ZE,RWM11CSU2LQ,9/23/12,55
BEU12KCU7ZE,HYW72NPU8NW,11/6/12,83
BEU12KCU7ZE,PNI44MEM1MR,3/28/13,97
BEU12KCU7ZE,SSC24ZLV6NS,9/29/11,73
BEU12KCU7ZE,ZPK29THP0GW,6/14/12,37
BEU12KCU7ZE,CAV01IFG3EA,12/11/11,85
BEU12KCU7ZE,PVM80CML4XS,3/2/13,90
BFC48LBZ4XM,WMK31FEI9SG,2/9/13,6
BFC48LBZ4XM,KQL69UNM2WW,3/17/13,52
BFC48LBZ4XM,TKS10BMO7KD,9/13/11,24
BFC48LBZ4XM,HCW22TAI9JN,5/5/12,96
BFC48LBZ4XM,NCR29LMX0AC,4/11/12,29
BKJ90WZI2RU,RZW18JFR9JR,5/20/12,5
BKJ90WZI2RU,QCO69HMW7DO,12/31/11,52
BKJ90WZI2RU,HCM27YLT0WZ,4/13/12,37
BKJ90WZI2RU,QXZ17GLT5LF,3/12/13,81
BKJ90WZI2RU,QLX50YRF1PL,3/4/13,21
BKJ90WZI2RU,ERQ84HPB6KT,11/1/12,88
BKJ90WZI2RU,VNC35EZX5AL,3/21/12,42
BKJ90WZI2RU,RVV99PNO0VA,6/20/11,78
BKJ90WZI2RU,WJG99GSZ3KA,10/3/11,70
BKJ90WZI2RU,BSY45XZE2QQ,12/9/12,69
BKJ90WZI2RU,XXT88IGG6SF,6/16/11,64
BKX50ACJ1FQ,AQU95NAV1GC,1/3/12,62
BKX50ACJ1FQ,YHD29FIH5BE,1/12/12,9
BKX50ACJ1FQ,CHW04EDH8VL,6/3/12,17
BKX50ACJ1FQ,AZS73UXZ5WO,5/4/11,66
BKX50ACJ1FQ,IUU04JOG9UD,3/14/12,6
BKX50ACJ1FQ,JJA98WDE0HG,11/30/11,96
BKX50ACJ1FQ,YHZ10WVB8XG,10/14/12,63
BKX50ACJ1FQ,MTF98LEL9JH,5/29/12,67
BPY12JSO3YL,WTO30FJZ1UP,3/7/13,24
BPY12JSO3YL,WLI72TYG3DH,12/18/12,77
BPY12JSO3YL,VDX17BAS6SZ,8/20/11,67
BRL39UEU8YA,YHK60RSH9NZ,10/30/11,90
BRL39UEU8YA,DFO15UIS2MF,8/9/11,13
BRL39UEU8YA,UTT98BEO8PF,6/4/11,1
BRL39UEU8YA,HYG30YHO2EU,11/20/11,75
BRL39UEU8YA,TMD51ZUC1GP,8/18/11,43
BRL39UEU8YA,OKP58PTU2BQ,1/21/12,4
BRL39UEU8YA,UQN45PDT3JO,8/6/12,50
BRL39UEU8YA,FFF95XJC1IH,1/10/12,56
BRL39UEU8YA,EHR83UCD1NG,3/16/12,81
CCK87CDI6NB,WES54SWL1TT,10/12/12,31
CCK87CDI6NB,QVS03LQH3PD,8/17/11,18
CCK87CDI6NB,PNC37LSA3DK,6/24/11,2
CCV17FVD7AE,LKX00QGF2WY,11/22/12,16
CCV17FVD7AE,NTA22NMV0ZN,4/7/12,62
CCV17FVD7AE,IIC32OXE6IK,12/17/12,18
CCV17FVD7AE,KLP77HSD5WN,3/27/12,22
CCV17FVD7AE,OMX48IFW7AL,6/8/11,1
CDG27TYA3UO,ZBU92JHN9NI,9/5/11,29
CDG27TYA3UO,YNM49QGP6FW,5/9/12,82
CDG27TYA3UO,KKG24PTP0ZA,2/6/12,42
CDG27TYA3UO,EUM81KTS7AQ,3/16/12,60
CDG27TYA3UO,FRZ60BEG7EV,3/16/12,83
CDG27TYA3UO,VGM39RLJ4SC,5/7/11,93
CDG27TYA3UO,XML94NXV4PY,3/2/12,19
CDG27TYA3UO,EMW12SAU8TT,12/1/11,52
CGE30TRA6GF,SCP62QUV9VZ,10/31/12,16
CGE30TRA6GF,BMR87KPP4PQ,12/20/12,26
CGE30TRA6GF,ORQ53SAK3HP,9/28/11,24
CGE30TRA6GF,IFF94ZBU6SH,7/24/11,69
CGE30TRA6GF,JCR06YOX2UE,5/11/11,63
CGE30TRA6GF,KKK24GZX2PH,6/19/12,86
CGE30TRA6GF,EDY79QTV3KB,4/25/11,70
CGK45FIV3DI,OZJ12EPB7OS,3/3/13,99
CGK45FIV3DI,VXR28HRK2JA,9/21/11,34
CGK45FIV3DI,KEX56WTO4ZL,4/16/11,88
CGK45FIV3DI,WSN14TJZ5MR,1/24/13,42
CGK45FIV3DI,GDB12CXD5AS,11/6/11,92
CNQ77DYJ8QQ,KFJ14WGP9PU,8/22/11,67
CNQ77DYJ8QQ,NVQ06YTG4ED,5/29/12,5
CNQ77DYJ8QQ,EIW58QHK5PS,9/7/11,35
CNQ77DYJ8QQ,AWR96LLE1OT,4/23/11,18
CNQ77DYJ8QQ,CYU72IQC3FJ,8/1/11,21
CQC26WOZ6CS,YFI12LGY0GF,12/16/12,21
CQC26WOZ6CS,WRL65OGQ7JO,12/21/12,87
CQC26WOZ6CS,QCA61FVZ6AN,9/22/11,3
CQC26WOZ6CS,ZTL12RYP3MT,6/20/12,31
CQC26WOZ6CS,XTP06CZN7JW,12/16/11,81
CQC26WOZ6CS,PJS65XQF3MR,10/10/11,31
CQC26WOZ6CS,EWS45EAI8KL,1/16/12,3
CQC26WOZ6CS,DMV40PQI4GI,8/8/11,94
CQC26WOZ6CS,GCV21GEX6BX,5/2/11,61
CQC26WOZ6CS,ZHD50WYD1QU,5/12/12,14
CVV82SFR1TK,AKS76FYU9ZR,8/24/11,9
CVV82SFR1TK,FVN04AME5BO,10/24/12,91
CVV82SFR1TK,SQQ08MJJ7OD,1/29/12,11
CVV82SFR1TK,MTM48GEQ0VS,4/25/12,90
CVV82SFR1TK,QNE54DOX8XH,3/6/12,92
CVV82SFR1TK,EWP08APB0UO,11/1/12,88
CVV82SFR1TK,OKU18MRS4NA,5/27/11,46
CXQ57ZID4MH,ZWM79HSM2JW,8/7/12,53
CXQ57ZID4MH,NIL92LEC5VQ,6/13/12,52
CXQ57ZID4MH,CSH67IAL3ZA,1/2/12,48
CXQ57ZID4MH,TJV76GZJ1RM,2/3/13,21
CXQ57ZID4MH,IHG48PVQ2JA,4/6/11,2
CXQ57ZID4MH,NRL24YLU9PF,9/10/12,34
CXQ57ZID4MH,GWZ97JZC6SW,4/21/12,69
CXQ57ZID4MH,IHA23PWK4TH,4/19/12,62
CXQ57ZID4MH,LAB12KTC5JT,11/9/12,35
CXQ57ZID4MH,WMP55NWW4FD,9/3/12,81
CYE49VMS5NU,QHI74POD3DF,2/16/13,46
CYE49VMS5NU,UBV80NES6MR,3/30/12,59
CYE49VMS5NU,STC62GDE8FX,3/19/13,75
CYE49VMS5NU,EOD84BRS1CH,9/24/11,48
CYE49VMS5NU,IJG57WQL0YM,10/3/12,61
DBR01GFR8XG,VOA26USS5IS,9/13/12,93
DBR01GFR8XG,TGQ85KBV4XV,3/2/12,66
DBR01GFR8XG,WAB68WMF4JN,1/20/13,71
DBR01GFR8XG,PIT19OVV1GH,11/30/12,71
DBZ35KXW1AD,GOV09KEQ8TM,7/16/11,99
DBZ35KXW1AD,DNA47QXC6BJ,11/30/12,24
DBZ35KXW1AD,WAV58HDB4ZO,8/22/12,26
DBZ35KXW1AD,LST30ROE6MA,11/8/11,23
DBZ35KXW1AD,JBS91PXK6RG,12/5/12,41
DDM95UXE8MS,HKQ21IBP3YV,2/14/12,99
DDM95UXE8MS,HMT31KVS3MF,10/29/12,6
DDM95UXE8MS,RVY86JRY7WU,8/14/12,83
DDM95UXE8MS,ZXP19VLN4DD,1/9/13,18
DHU87RJJ9VV,NVS25UPF7RI,5/24/12,15
DHU87RJJ9VV,WQZ85LYL5LN,5/30/12,71
DHU87RJJ9VV,CDA82GEL6AQ,6/29/12,2
DHU87RJJ9VV,ZES20OQQ5ZI,12/9/11,14
DLV35IHU4WX,JOD20ZJK3GO,9/26/11,82
DLV35IHU4WX,TAS49ACC9MG,11/28/11,60
DLV35IHU4WX,TKX49FZE7AM,12/9/11,69
DLV35IHU4WX,QVM97AHT0FJ,4/11/11,72
DLV35IHU4WX,ZVE61MBM9QI,1/12/12,90
DLV35IHU4WX,CEW74TCP2BU,11/8/11,28
DLV35IHU4WX,KXD48NQS3WW,8/28/11,85
DLV35IHU4WX,IGY65KFK4KE,6/8/12,68
DLV35IHU4WX,RAJ99LBN4YC,1/12/12,17
DLV35IHU4WX,BAC84PNM1YM,10/22/11,2
DLV35IHU4WX,TWW10AGZ9NL,10/4/12,58
DQO37SFC2AI,FLS86IQE1LU,10/7/12,12
DQO37SFC2AI,DEU57DQC0PV,4/16/12,100
DRZ64DUA0IY,JJF68ONY9JT,3/21/13,58
DRZ64DUA0IY,NCG46JSR0NO,5/8/11,8
DRZ64DUA0IY,ECS33QSH2QX,8/29/11,32
DRZ64DUA0IY,CVS73YQQ5YA,2/18/13,32
DRZ64DUA0IY,QTM55YJM8PS,9/11/11,7
DRZ64DUA0IY,QZW68ILW8AA,8/31/11,1
DRZ64DUA0IY,WUM15AMK5WR,8/12/12,47
DRZ64DUA0IY,VVJ93JPL0GW,6/21/12,24
DVX95VTE9SC,MTW80JDR8EB,9/14/12,61
DVX95VTE9SC,ZTK68XCX0XB,12/30/11,88
DVX95VTE9SC,NFQ60PPK7RK,3/20/13,60
DVX95VTE9SC,XJM94RFC6JH,5/8/11,32
DVX95VTE9SC,IWY28KAM6ZW,1/28/13,82
DVX95VTE9SC,OCR54IWU1WK,7/16/12,56
DVX95VTE9SC,MTD05EWJ1WY,2/27/13,70
DWN58SKU3MP,PWY27EOB9ZC,11/15/12,14
DWN58SKU3MP,ZGJ46ZJZ0LH,11/23/12,97
DWN58SKU3MP,YHT93OVS5YD,12/20/11,51
DWN58SKU3MP,YVW24PNA0SW,10/23/11,59
DWN58SKU3MP,JBD50DGR3WS,6/20/12,35
DZT13TVH7BU,DAR66QEA7VO,5/13/12,8
DZT13TVH7BU,SSE92IRS7RY,7/1/11,19
DZT13TVH7BU,USY23PGF0PQ,2/19/13,71
DZT13TVH7BU,VYD92EZT2SJ,2/15/13,82
DZT13TVH7BU,RJN58POH9QL,8/14/11,69
DZT13TVH7BU,MOM82RMD6EG,7/27/11,33
DZT13TVH7BU,VRI82BNN0ZS,7/18/12,38
DZT13TVH7BU,CWL71QOA8XM,8/9/12,16
EGP70BXP6HY,RNU17EQW1XF,5/31/12,58
EGP70BXP6HY,BPU39CTA7GI,2/24/12,98
EGP70BXP6HY,ALY47JTF9PJ,9/3/12,49
EGP70BXP6HY,EGR05YVR7WF,5/13/11,74
EGP70BXP6HY,QQT93GOS6HZ,7/10/12,31
EGP70BXP6HY,EQL51NRP3TB,5/18/11,4
EGP70BXP6HY,IAY27FBH5GG,12/12/11,59
EYL53HBM2JW,PFQ33IYK0EJ,12/2/11,90
EYL53HBM2JW,WOM97NUG0II,7/3/11,98
EYL53HBM2JW,RHE35ZQA5RX,8/10/12,92
EYL53HBM2JW,YRE37FHI7YK,8/21/12,44
EYL53HBM2JW,ERM64DHR8DV,6/29/11,88
EYL53HBM2JW,FHO03HJW7FI,3/23/13,63
EYU83ZAM2PZ,OYS84KJJ3OY,11/23/12,33
EYU83ZAM2PZ,LAJ35JZO9AC,7/5/12,49
EYU83ZAM2PZ,CLA98EEE9NI,8/16/12,96
EYU83ZAM2PZ,ILH35UPU4MQ,11/15/12,100
EYU83ZAM2PZ,XKG48ODH7YM,7/23/12,89
EYU83ZAM2PZ,LKD50HNW4ZR,4/2/12,76
FBF93SJZ0XX,AUK65SCE6UW,3/5/13,9
FBF93SJZ0XX,GTX83JML4UH,10/4/12,82
FBK67IVX1BP,FXV29YCL5SM,7/21/11,51
FBK67IVX1BP,GTT43YZU1FP,10/1/12,99
FBK67IVX1BP,QDK45SUH2WS,3/24/13,30
FBK67IVX1BP,MKS14XIS3VE,4/19/11,51
FBK67IVX1BP,KNY32TRO9NQ,6/26/12,34
FBK67IVX1BP,UUD50QNN8ID,3/19/13,6
FCH53TQI5XJ,LLY34AQZ6EZ,2/15/12,45
FCH53TQI5XJ,XBB51FBX5PL,6/19/12,45
FCH53TQI5XJ,KMN90XFB0PR,9/16/11,75
FDL39OOG6YT,XGH72DBU7FV,5/3/11,33
FDL39OOG6YT,AQG98RRA1FZ,12/26/12,25
FDL39OOG6YT,LWR32KPB0HC,11/27/11,60
FDL39OOG6YT,FPE55CBR6UA,5/31/11,79
FDL39OOG6YT,ADH94QHD9LE,8/22/12,39
FDL39OOG6YT,HJS00AKE1WM,1/15/12,12
FDL39OOG6YT,VSR71XPG6ZO,2/5/13,60
FHT19XCN0KR,JBC89MQQ0VY,12/4/12,70
FHT19XCN0KR,EZZ59MMP4KM,10/3/11,58
FHT19XCN0KR,TEM04TQE3DH,10/24/12,72
FHT19XCN0KR,ZEQ25XIH9XB,3/31/12,46
FHT19XCN0KR,XTJ96QQC4GO,12/26/12,95
FHT19XCN0KR,TSD22QCD9QZ,6/18/12,54
FHT19XCN0KR,JGU98QTM7PA,10/25/12,36
FHT19XCN0KR,IBB23LSZ3UI,3/20/12,62
FHT19XCN0KR,GUC56ZDC2UU,5/14/12,37
FNB67DJD7OE,LWH03FEJ4TW,4/18/12,72
FNB67DJD7OE,ZAE34VLO0DJ,3/13/13,50
FNB67DJD7OE,LOW53NJL0EC,4/29/11,9
FNB67DJD7OE,AFA24WIV6CD,2/19/13,5
FNB67DJD7OE,QPP85VPG7EL,8/21/11,70
FNB67DJD7OE,ZCM66OJJ6DY,9/25/12,90
FNO32OWI8SA,FGC64OQL3CO,4/21/11,44
FNO32OWI8SA,XEZ00BAR7JL,11/3/12,36
FNO32OWI8SA,XSB53VFE0YY,11/24/12,18
FNO32OWI8SA,JQW85HGQ6OZ,3/24/13,55
FNO32OWI8SA,PRT75FHA9PL,4/18/12,54
FNO32OWI8SA,PLU69BSB2HY,3/18/12,77
FOF74EAZ0RG,FXX29EKS0KS,3/8/12,51
FOF74EAZ0RG,UAF49JMO1RA,1/13/12,60
FOF74EAZ0RG,LQW77RUL8HG,10/8/12,18
FOF74EAZ0RG,OMS78NMA3OG,11/18/12,80
FOF74EAZ0RG,ITX93RSR7UF,9/22/11,77
FOF74EAZ0RG,PMA08IAW1OF,9/27/11,79
FVL72VSZ1RZ,PFF15EAK8LL,8/20/11,26
FVL72VSZ1RZ,KXK78QXA2NV,6/13/11,38
FVL72VSZ1RZ,AGA10TJJ1BA,7/26/12,61
FVL72VSZ1RZ,LMU87NIF1NU,8/13/12,87
FVL72VSZ1RZ,XBC42RGK5JY,10/3/11,57
FXF37QIC5MC,XQB63EIW6NX,9/26/11,11
FXF37QIC5MC,ZHC00RKK8BC,6/4/12,75
FXF37QIC5MC,MYZ60NMR6RK,3/1/13,62
GLG82LLY5GK,GQK62FRQ8FS,9/20/12,40
GLG82LLY5GK,RFH09MPO5PJ,10/15/12,78
GLG82LLY5GK,YAO56RDA6AW,6/24/11,30
GLG82LLY5GK,CIO75XKQ0CV,7/23/12,79
GNM92TYS7US,OCF25XRA5HE,12/9/12,13
GNM92TYS7US,VQC36NZJ2IJ,11/25/12,31
GNM92TYS7US,BXH91KSL5ZO,12/13/12,27
GNM92TYS7US,EIC39NON2AV,4/28/11,59
GNM92TYS7US,AAC00YLD1RX,5/6/12,3
GRK08BPE7JC,QDJ75SFW6ZK,2/13/13,13
GRK08BPE7JC,ZDZ64YCS7CD,7/23/11,99
GSX02FMM2TB,BWX18PFS2OD,4/24/12,83
GSX02FMM2TB,BZR47NNA5ER,1/28/12,1
GUH80UYH2TO,HDC73KHU0UG,2/6/13,73
GUH80UYH2TO,QMZ59YCT6DX,12/12/11,10
GUH80UYH2TO,MHN74SXK1BC,11/14/11,92
GUH80UYH2TO,WMW12FUY1SL,1/1/13,45
GUH80UYH2TO,WAT86OUF5US,1/16/12,19
GUH80UYH2TO,IRH29HRW9JM,12/21/12,3
HCD71NMC5JN,VXD16NGB2BZ,9/17/11,64
HCD71NMC5JN,ZKY61HUZ0CF,6/13/12,10
HCD71NMC5JN,PMD22YGH8VZ,2/8/13,3
HCD71NMC5JN,QGS69HCS7FW,9/28/11,4
HCD71NMC5JN,OUH63JLT9ZT,6/5/12,65
HCH11XLN1HM,ZYZ56TRT8OI,9/14/12,38
HCH11XLN1HM,EJZ22PPT9UY,3/22/12,83
HCH11XLN1HM,XZL43JLX7SX,6/22/12,67
HDS32BIU7GP,MUT84UBG3WH,1/20/12,74
HDS32BIU7GP,SRT33AZH9OC,1/1/12,67
HDS32BIU7GP,DZZ03OKA2QZ,11/25/12,14
HDS32BIU7GP,LCW45ITL2IC,11/15/12,14
HOS62TOU4XA,CTP34QON5MX,8/20/11,14
HOS62TOU4XA,YLI89QVE5NM,11/15/12,18
HOS62TOU4XA,OMB74BOB6QC,4/20/12,23
HOS62TOU4XA,TYX28TBV7HW,12/17/12,47
HOS62TOU4XA,DOR30EQX2KI,12/19/11,75
HUR79HWP6HP,ACI80ARY0TZ,3/24/13,71
HUR79HWP6HP,RXI19ROK7AI,9/6/11,7
HUR79HWP6HP,EIF84ZTT0QJ,1/13/12,5
HUR79HWP6HP,WEN02MGU0QS,7/5/11,7
HUR79HWP6HP,PUY46FJB1ZC,1/20/13,18
HUR79HWP6HP,HGV23XBU9AF,9/30/11,3
HVT64LBF7OK,YIO52QOK6NT,2/20/12,93
HVT64LBF7OK,VHD79GJS7OO,9/3/11,25
HVT64LBF7OK,LYM74XAW3GH,12/22/12,81
HVT64LBF7OK,XEY79NWV4MQ,10/14/12,59
HVT64LBF7OK,LOT69ZSF8FJ,9/21/12,75
HVT64LBF7OK,JDI48SIU3VV,11/11/11,28
HVT64LBF7OK,HOF67MGE7YF,12/2/11,53
HVT64LBF7OK,HNT08MSV9NZ,9/15/11,4
HVT64LBF7OK,MNM93QUJ9VA,6/1/12,12
HVT64LBF7OK,UTX44RTE2TC,8/4/12,9
HXT03RWQ1TA,PON85HYH1OK,8/18/12,7
HXT03RWQ1TA,BLJ70SFU5RJ,1/20/12,26
HXT03RWQ1TA,GCO95BGT1YV,11/19/12,16
HZN37AWS2PW,GZH36XTV2XS,8/8/11,88
HZN37AWS2PW,LJM01PKM6SC,12/24/12,69
HZN37AWS2PW,XYM87WIP3GD,5/12/12,39
IBZ84PMW4BR,SDO19IGD5MI,2/7/12,60
IBZ84PMW4BR,OTN24NOH2DF,1/21/13,20
IBZ84PMW4BR,TVM34LKP5XT,2/24/13,29
IBZ84PMW4BR,NHJ75OLD1HE,4/8/12,41
IBZ84PMW4BR,LVF30XYV2FF,10/28/12,22
IBZ84PMW4BR,CFG38BFB5HV,3/26/12,79
IBZ84PMW4BR,BOV84YKQ5LC,3/11/13,67
IBZ84PMW4BR,KJJ98FLD9FA,2/23/12,75
IBZ84PMW4BR,MCD24VQO0DC,10/22/12,31
IBZ84PMW4BR,REY04BSB7SY,2/29/12,26
IDP35VDL5FL,UBQ03QTQ8BW,10/12/11,3
IDP35VDL5FL,XNS15ZPK0FX,12/18/11,23
IDP35VDL5FL,WSU57DHY9VC,10/5/11,30
IDP35VDL5FL,EZE91NMQ6PM,7/23/12,94
IDP35VDL5FL,PIQ81GWR6UM,1/1/12,41
IDP35VDL5FL,TKC31BSF0XA,3/12/13,57
ILS22KAR4YY,GBE86UYV0PL,4/8/12,74
ILS22KAR4YY,JLA22YVY7XY,1/1/12,41
ILS22KAR4YY,IDV20UHR9VE,10/13/12,81
ILS22KAR4YY,AMK87ZDV7ZD,3/28/12,39
ILS22KAR4YY,IUF07DRW6DQ,11/24/12,45
IOM00HHX0HR,HRC46XWD2BS,1/18/13,88
IOM00HHX0HR,INX52XFB0LO,5/15/12,25
IOM00HHX0HR,IVQ27EHF9PG,2/21/12,33
IOM00HHX0HR,JWY04COU6LX,3/2/13,84
IOM00HHX0HR,JLC78CXV3PP,6/30/11,78
IPC66FAV3FS,TWR81AWO6YD,6/6/11,72
IPC66FAV3FS,HLL92TAH6HF,1/2/13,78
IPC66FAV3FS,RIE13WIL5LP,9/26/12,1
IPC66FAV3FS,OIE02TSK6ZZ,2/9/13,99
IPC66FAV3FS,XNH09QGB8TY,2/3/13,49
IPC66FAV3FS,CFX89PDB4UQ,11/30/12,33
IVN61YPH9UI,ZJH73EGW9SF,5/12/11,25
IVN61YPH9UI,AVT32RXL8BW,10/22/11,7
IVN61YPH9UI,ANF36TUU2YG,9/16/11,87
IVN61YPH9UI,FDE69PZP6OA,12/23/11,94
JBU80NWR7ZW,SJP08BHN2LX,11/11/12,23
JBU80NWR7ZW,VVX24ISM7US,5/11/11,65
JBU80NWR7ZW,DOZ45DWL7MW,8/31/12,96
JJJ27ECZ1ET,IAA66MZQ1WY,10/13/12,44
JJJ27ECZ1ET,DOO10DJW7BE,3/22/12,89
JJJ27ECZ1ET,QGC30XIZ8YB,8/11/12,42
JJJ27ECZ1ET,GGN36KIW4VN,12/16/12,22
JKW60KDM0ZV,ALN57GPY3DY,8/4/12,10
JKW60KDM0ZV,NGN28ROZ5BE,7/19/12,16
JKW60KDM0ZV,VNG70OWN4TF,5/1/11,56
JKW60KDM0ZV,GXN23VZA6DH,8/5/12,7
JRE88VOO0RS,MMZ87DTZ9OC,10/26/11,63
JRE88VOO0RS,ZDW74SBM2IF,2/20/12,57
JRE88VOO0RS,QTG39HZJ5QL,1/8/13,47
JRE88VOO0RS,CPF68GBM6AB,10/21/12,84
JRE88VOO0RS,DUF31PZP6MX,12/17/12,1
JRE88VOO0RS,POZ01KEN4WD,4/20/11,67
JXY51DNV9KC,EGP59QDV1VA,10/6/11,60
JXY51DNV9KC,ZBD66UOL9KK,5/8/11,17
JXY51DNV9KC,NJZ04JQY9EQ,9/27/11,61
JXY51DNV9KC,RXO12IKT5GV,1/28/12,81
JXY51DNV9KC,RXL95HDE7JS,5/10/11,74
JXY51DNV9KC,IGO01XLV9UM,7/1/12,73
JXY73NDN3ZG,WQL15ZIH7PD,2/18/13,42
JXY73NDN3ZG,KKY07ZLK0JP,12/21/12,98
JXY73NDN3ZG,BEJ76SET3YQ,11/20/11,1
JXY73NDN3ZG,BIC30PCW7VE,11/16/11,93
JXY73NDN3ZG,TZQ48UIT0MG,11/7/11,76
JXY73NDN3ZG,ZFW37OOR6JH,11/28/12,43
JXY73NDN3ZG,RIE45XEM1YV,6/21/11,83
JXY73NDN3ZG,QYN34YAQ2GU,3/13/12,14
JXY73NDN3ZG,XZF51KQK3VC,10/15/12,69
JXY73NDN3ZG,JYU39JKY3DP,11/30/11,68
JZD96AHX5QY,MNE29OFA4TT,1/12/13,63
JZD96AHX5QY,ZZC79SGL7NE,9/23/11,96
JZD96AHX5QY,BTH33HIO3UD,3/16/12,26
JZD96AHX5QY,TKI35TCX8MF,1/9/12,90
JZD96AHX5QY,VIF80FAR6HB,1/3/13,89
JZD96AHX5QY,LZJ09EGL0WA,2/10/13,55
JZD96AHX5QY,RVH19CJG3CN,3/1/13,92
KBC36UGV3UB,KSR19NFP1VB,3/3/13,85
KBC36UGV3UB,ZCP07GFX9XE,5/22/12,31
KBC36UGV3UB,KYV11MEW4UB,5/23/12,19
KBC36UGV3UB,DGP17MPZ1ZQ,5/16/11,36
KBC36UGV3UB,AXX12JSO2AH,11/2/11,22
KBC36UGV3UB,QNC85MWI7BX,7/19/11,39
KDT67SSB7GH,YXM56XFD3FM,12/14/12,34
KDT67SSB7GH,FNU08ARI0LF,11/15/12,55
KDT67SSB7GH,ESG29ZWP4IQ,7/4/11,54
KDT67SSB7GH,RLK60MIE9YE,10/27/12,60
KDT67SSB7GH,WQH91WBD7PC,2/20/13,95
KKH78JKV7UU,MYZ13KGR8OX,4/7/12,24
KLC31NKK5HX,TCP86FYA5BO,1/7/13,38
KLC31NKK5HX,CYZ02BEH2GB,8/12/12,70
KLC31NKK5HX,YOR86BCB1VA,9/6/12,93
KLC31NKK5HX,EPK26HNA2RA,11/9/11,6
KLC31NKK5HX,OOO41FYV4WN,11/28/11,75
KLC31NKK5HX,AXN44CGT0TI,6/10/11,29
KLC31NKK5HX,LOU38ROH4FA,8/23/11,84
KLY90RBI3QN,VFE13CGS9ZW,5/22/11,88
KLY90RBI3QN,SOW98GJZ6MA,6/7/12,45
KLY90RBI3QN,VPX49DJO8ZQ,1/9/13,18
KLY90RBI3QN,CRS74MWK6QH,12/23/11,29
KLY90RBI3QN,OKO08GXS4DF,4/8/12,83
KLY90RBI3QN,RAF03ASE1DR,6/28/11,1
KLY90RBI3QN,QIY66LZA7DK,10/18/12,89
KLY90RBI3QN,FUF44UHL3FK,11/8/12,59
KLY90RBI3QN,OIM83XGY1SU,5/9/12,11
KLY90RBI3QN,ZVX19MAF3VP,10/29/12,87
KOB72GID8AX,LHZ67SHX4KW,2/26/13,69
KOB72GID8AX,FJU05NFA2PU,7/9/11,99
KOB72GID8AX,HLW76UJT3GO,11/1/11,20
KOB72GID8AX,VCB82AKB0KY,1/17/13,53
KOB72GID8AX,AKT71GVX5GR,3/22/12,88
KOB72GID8AX,JUC18GYS8GB,3/13/13,99
KOB72GID8AX,KXC04YPM7GX,11/30/12,49
KOB72GID8AX,XIN95HIL7EW,9/22/11,57
KOL09NSF3KA,IEI47YLH4TO,4/3/13,14
KOL09NSF3KA,DMV68QOJ5EJ,12/13/11,14
KOL09NSF3KA,LOP45HQF4YH,8/1/12,93
KOY90OML1SB,PPD30WOK1WZ,11/11/12,56
KOY90OML1SB,VHY74BLX5SP,8/24/12,85
KPK02XWX5XI,XZE88JKD0ZZ,8/16/11,86
KPK02XWX5XI,LZC28UCF4TO,12/9/12,23
KPK02XWX5XI,IUJ66YRD0XE,12/12/11,58
KPK02XWX5XI,JYI16FHB5AX,8/28/12,100
KPK02XWX5XI,NXS53JFW6VA,2/19/13,36
KPK02XWX5XI,VNS32ETR9CH,7/27/11,33
KPK02XWX5XI,LGN30BGW5RD,12/2/11,47
KPK02XWX5XI,BXM90HUW4TO,9/18/11,43
KST21IQJ1AB,ADH14SNV8AZ,3/25/13,45
KST21IQJ1AB,NOF63NUQ6YO,7/31/12,1
KST21IQJ1AB,IBS64XYP8KV,5/2/11,49
KST21IQJ1AB,HDI11FXA7VE,5/30/12,28
KST21IQJ1AB,WKO87ZRF3YC,10/29/11,7
KST21IQJ1AB,CLF04MTU7XX,7/18/12,38
KST21IQJ1AB,QVU41GYK9WR,11/20/12,77
KST21IQJ1AB,IAA22ARF3DE,5/11/11,6
KTW91QDP0WG,WZC51OYI8VZ,6/25/12,49
KTW91QDP0WG,AJP89QSM0QW,9/23/12,13
KTW91QDP0WG,HPW98JTV7ME,2/6/12,66
KTW91QDP0WG,LOP89LWA4QM,3/5/12,1
KTW91QDP0WG,SZO63MXG7AK,9/3/12,55
KTW91QDP0WG,ZGT20CZL0YT,8/5/11,50
KTW91QDP0WG,XLD06AZL9TM,8/27/12,76
KTW91QDP0WG,AAF17TTA4WY,8/15/12,70
KTW91QDP0WG,UWH98PKE9VJ,10/23/11,34
KUK91VWW3WU,CEC15IVS9JI,12/15/11,65
KUK91VWW3WU,RBA24JPD7KH,8/5/12,47
KUK91VWW3WU,YNO29DMX9OG,2/13/13,4
KUK91VWW3WU,NEE03DRR9OU,5/7/11,55
KUK91VWW3WU,KEF25ALS6SZ,6/20/12,34
KUK91VWW3WU,MWT08CGH6UP,8/29/11,87
KYZ73WOJ8FJ,JUD58NXF8DK,11/17/11,20
KYZ73WOJ8FJ,CTG84OSE7QD,9/30/11,100
KYZ73WOJ8FJ,DYH10XHZ4EU,11/13/12,7
KYZ73WOJ8FJ,QER09EJU3NQ,10/7/11,97
LBF51FAX8HI,PQD10XOL6OP,1/6/12,58
LBF51FAX8HI,QAO66SRC4SY,5/8/11,31
LBF51FAX8HI,MHU22HEC7KN,9/10/12,23
LBF51FAX8HI,UHM16LRR6TF,10/14/11,76
LBF51FAX8HI,TOP55ZBZ4CH,12/18/11,44
LBF51FAX8HI,LWJ86UDY7TU,12/17/12,5
LBF51FAX8HI,RMP59IVY4XC,2/9/12,93
LBF51FAX8HI,WPA64IUT0AS,8/18/11,86
LBF51FAX8HI,ZSU86FPR5JB,10/23/12,59
LBF51FAX8HI,RGG52IGE1QS,10/25/11,25
LCT27YEF6DW,KAN98RBA0IU,5/11/12,43
LCT27YEF6DW,FBO69BPM2AE,5/4/11,8
LCT27YEF6DW,LBO06YKK7YJ,9/19/11,66
LCT27YEF6DW,NQB38JFQ7VQ,2/28/12,55
LCT27YEF6DW,FIW71AWN2CR,11/6/12,54
LCT27YEF6DW,DNW72QGD8PR,6/18/11,77
LCT27YEF6DW,DTR79XNF3KW,5/16/12,58
LDS04YXJ8IQ,KJO24XVL0EQ,9/2/11,100
LDS04YXJ8IQ,RPA57KQF4FV,11/14/11,6
LDS04YXJ8IQ,IAK13RUC1AQ,7/8/11,18
LDS04YXJ8IQ,SYI28FGM1IQ,6/20/11,59
LDS04YXJ8IQ,JBC22DEQ1NA,5/31/12,43
LDS04YXJ8IQ,TUA26LGL5BT,7/18/11,34
LDS04YXJ8IQ,ESG90EOP4QI,5/16/11,34
LKT27TPV8VD,NVU14KNX4DH,2/13/13,23
LKT27TPV8VD,QTT63LGJ0NN,9/17/12,86
LKT27TPV8VD,CCI13CLX7KN,6/12/11,87
LKT27TPV8VD,MXR64AYY8SR,2/26/13,19
LKT27TPV8VD,CIN42WMN9NZ,12/14/12,68
LLA25NUC0UG,LEY37HPN0UZ,8/7/12,96
LLA25NUC0UG,WYN47EBQ9ZN,10/29/11,36
LLA25NUC0UG,AAX45ISD2BL,11/30/11,97
LLA25NUC0UG,GVF07FRI4JE,4/28/11,3
LLA25NUC0UG,PJO72YUT9EU,3/19/12,38
LLA25NUC0UG,NGZ27ONU6SA,12/14/11,97
LPC78UFU7VR,TQI91TFX6WS,1/6/12,64
LPC78UFU7VR,WDG68OWD6PJ,12/10/12,42
LPC78UFU7VR,RAW22TUY0UM,8/13/12,61
LPC78UFU7VR,DUF39MLE2BU,11/27/12,30
LRH51BBP3AV,MJP34APY6ZQ,5/10/11,67
LRH51BBP3AV,RQY16SSM7AK,8/5/11,55
LRH51BBP3AV,DHS51IYD7ZQ,9/30/12,39
LRH51BBP3AV,MXZ25DUG8RU,1/27/13,57
LRH51BBP3AV,XVO69WYP5LG,2/11/12,47
LRH51BBP3AV,UUI91MVK9IF,2/28/12,1
LRX94HRJ1PR,OXD39DEY0OF,6/16/12,12
LRX94HRJ1PR,FDB95XZE9CE,11/28/11,26
LRX94HRJ1PR,FMA67VBV3YG,2/1/12,80
LRX94HRJ1PR,LSY13PFR8UC,6/9/12,46
LRX94HRJ1PR,SVJ06QSM9ZF,10/16/12,51
LRX94HRJ1PR,EKF19YAW1YO,2/15/12,87
LRX94HRJ1PR,YSM00FGL4QT,8/8/11,23
LRX94HRJ1PR,FLF84BLU6NX,2/19/12,26
LRX94HRJ1PR,TPA62LBO9GD,9/24/11,27
LSD08MYW9WE,VNR64PYK1UF,8/14/12,46
LSD08MYW9WE,HRW53ZOW0FR,10/31/12,27
LSD08MYW9WE,XOQ01ALU5YY,11/15/11,52
LSD08MYW9WE,YTZ58CID0TP,5/22/12,84
LSD08MYW9WE,AGP86CFI6QU,12/24/11,61
LSD08MYW9WE,MCJ88UPN0LP,3/30/12,63
LSD08MYW9WE,MLD41EBP4NW,7/7/12,49
LSD08MYW9WE,EQK78CTQ5AD,1/11/12,78
LSD08MYW9WE,TOV22BXF8EQ,8/7/11,73
LSD08MYW9WE,EXT25USU5JW,7/22/12,76
LSP80RDO4QF,YJS18ZQM8YT,3/26/13,99
LSP80RDO4QF,BKS23DNP0FF,12/23/11,71
LSP80RDO4QF,ZIN52BEK4NU,5/6/12,66
LSP80RDO4QF,FMI19BEX3FX,9/10/12,52
LSP80RDO4QF,SEM59JKV3ZW,4/13/11,71
LSP80RDO4QF,BYE63JBC8IT,3/14/13,48
LUM26YSK2XU,OXS86KJG1EP,7/24/11,3
LUM26YSK2XU,IUX61JCN6EE,2/13/12,54
LUM26YSK2XU,HBV18KCP7AK,9/10/12,18
LUM26YSK2XU,AHJ79UQV3SO,9/3/12,16
LWS94TRX4IQ,HQP20AER6YH,5/14/12,67
LWS94TRX4IQ,IXA13NUI9SV,8/26/12,22
LWS94TRX4IQ,OXY76ALA5MX,7/8/12,11
LWS94TRX4IQ,JPV02IYA2ZD,7/20/12,19
LWS94TRX4IQ,LFV42TEG7RW,1/31/12,40
LWS94TRX4IQ,BFP81NCH0QW,1/1/12,66
LWS94TRX4IQ,JAV98HBK7IU,12/14/12,62
LWS94TRX4IQ,KBT57VHW2DV,9/5/11,34
LWS94TRX4IQ,RHC38MDY3YV,8/27/11,40
MAM33CEC4OJ,JXV14BGV0ZH,2/2/13,75
MAM33CEC4OJ,NVN17NYC1DE,10/15/12,60
MAM33CEC4OJ,PCI33TPR3UZ,4/26/12,78
MAM33CEC4OJ,YNF70FFG9GW,2/3/13,76
MJE98YEV2ID,FRS38FTD6AW,4/1/13,69
MJE98YEV2ID,JDQ85OPL8VS,3/3/13,93
MJE98YEV2ID,WRW54LJQ2ST,2/22/13,25
MJE98YEV2ID,VVO60YTN7TZ,12/11/11,32
MJE98YEV2ID,RNR42ICG7XZ,12/21/12,10
MJE98YEV2ID,PPV24MVF0JF,9/28/11,95
MJE98YEV2ID,RDV64KJM7HV,10/22/12,14
MJO47GMO9PT,KVD41TAL3KB,11/15/12,10
MJO47GMO9PT,DKE51SHK4TP,11/17/12,96
MJO47GMO9PT,VSY19JBM2WG,12/29/11,38
MJO47GMO9PT,RTO12YPT4QJ,4/15/11,58
MJO47GMO9PT,TEA06SKT2KU,10/20/11,81
MJO47GMO9PT,NWR00BJC0AY,8/2/12,2
MJO47GMO9PT,GOC60KIL6XZ,4/17/12,48
MKI65KSR1FM,ESA50ZMZ1TF,4/29/11,18
MKI65KSR1FM,SIT24CTQ2OD,7/12/12,18
MKI65KSR1FM,FDR89JMP9VA,7/21/12,90
MKI65KSR1FM,VQC10SVU0RI,4/22/11,87
MRV04SMU1IZ,WWB68NCV0TY,3/7/12,85
MRV04SMU1IZ,ANX50MDN4QM,5/24/12,68
MRV04SMU1IZ,EOU46LRE4PB,9/1/12,12
MRV04SMU1IZ,AOO40AFM8BK,9/1/12,69
MRV04SMU1IZ,TKB45BMQ2XX,2/18/13,96
MRV04SMU1IZ,DKD53CLD1XC,1/5/12,94
MRX32LBX4SQ,ULB42GGG7MS,6/15/12,21
MRX32LBX4SQ,QCP98QFF0YG,4/26/11,41
MRX32LBX4SQ,JRU95AVH7JZ,12/25/12,53
MRX32LBX4SQ,EAZ78VST6KU,1/20/13,96
MRX32LBX4SQ,WTF65PKE2IB,4/28/12,100
MRX32LBX4SQ,WKN10BWV0FW,8/4/11,10
MSE92ANI0AR,IUJ20BAN2JM,5/16/12,47
MSE92ANI0AR,QJA02YZQ3EG,3/19/13,78
MSE92ANI0AR,XUT64TME9IK,4/14/11,28
MSE92ANI0AR,WOK99ALX9OH,9/13/12,47
MSE92ANI0AR,KHN53MGB6EO,10/18/12,96
MSE92ANI0AR,FZV63ESF2RQ,11/8/12,32
MSU87XPT0IT,BSN11SID9UN,8/19/12,62
MSU87XPT0IT,MTS88SYC4QK,7/7/12,49
MSU87XPT0IT,CRE32SBH6EG,8/30/11,48
MSU87XPT0IT,WEM15VXK7TB,9/27/11,33
MSU87XPT0IT,ECL99CLA0IG,4/30/12,94
MWC17CFC5SM,ZHY72FDS4DC,2/11/13,46
MWC17CFC5SM,UPB03WXP6TL,3/18/13,1
MWC17CFC5SM,CRO48GFG0BA,5/25/11,5
MWC17CFC5SM,YUI69SFU5OJ,11/11/11,65
MWC17CFC5SM,BLB68MAT6JW,6/27/12,69
MWC17CFC5SM,TFB81CWY0YW,10/3/12,39
MXN27GPO1OT,HRH98JPV1DD,10/24/11,44
MXN27GPO1OT,CLE22OBJ8OR,6/16/11,79
MXN27GPO1OT,HRX61ZIF8OQ,5/14/12,76
MXN27GPO1OT,NXI52XWX8ZE,7/8/12,76
MXN27GPO1OT,MRU64BWC8LD,7/9/11,23
NEX15RCT0XF,LNS71VOL4HI,12/16/11,12
NEX15RCT0XF,QSP02FUV2XF,2/18/12,44
NEX15RCT0XF,SFC66GQH9DT,1/29/13,40
NEX15RCT0XF,VWZ72GWN3ZF,12/26/11,41
NEX15RCT0XF,XCK35VLG0RN,9/17/11,97
NEX15RCT0XF,JBK83VQL7YZ,5/26/12,45
NEX15RCT0XF,ZWA26HIZ1AM,10/5/12,5
NEX15RCT0XF,XFG20DKO0VV,9/18/11,19
NEX15RCT0XF,OOL22UCZ7CW,4/16/12,26
NEX15RCT0XF,RTR68PGB2ZR,1/20/13,97
NEX15RCT0XF,AWV55SFC0HZ,1/10/12,100
NIJ93UYR6NN,SIG07JKI1FW,4/2/13,35
NIJ93UYR6NN,LGY32VQH6DL,9/15/12,84
NIJ93UYR6NN,GXS78FRA0BU,5/22/11,95
NKZ70XNX8BZ,BSN31NVW9RU,10/3/11,76
NKZ70XNX8BZ,WQT51TEQ3JG,8/17/12,92
NKZ70XNX8BZ,ETD76NSR9PB,4/15/11,97
NKZ70XNX8BZ,WVU99LTD3JX,1/25/13,72
NKZ70XNX8BZ,PIW43XBE4FN,9/27/12,25
NKZ70XNX8BZ,QUG47KFS8NP,10/8/11,64
NKZ70XNX8BZ,HJS69BIT1HJ,2/7/12,83
NKZ70XNX8BZ,SDZ18OBW1NZ,2/19/13,93
NKZ70XNX8BZ,TEO33SRJ1UL,8/15/11,61
NKZ70XNX8BZ,YAQ73TGG7VG,2/7/13,54
NKZ70XNX8BZ,QKP83JXE8MN,12/27/11,87
NNO23IDU1MK,IRU96RXP8RE,6/27/11,40
NNO23IDU1MK,GJT81UKB0TA,7/28/12,34
NNO23IDU1MK,VTQ28NCK7MV,8/30/11,98
NNO23IDU1MK,HDA07BHB6RW,5/7/11,47
NNO23IDU1MK,LYD35YBJ3RL,12/27/12,30
NNO23IDU1MK,QJH04VZZ9FY,12/28/12,37
NNO23IDU1MK,TJR98XAK0PL,12/22/12,10
NXT04UAZ6GA,FRX19UZE3GX,10/31/12,20
NXT04UAZ6GA,NFD85VVT7PI,6/26/12,43
NXT04UAZ6GA,ADV58MNW0UF,8/22/11,62
NXT04UAZ6GA,WOD46XHI8LE,11/30/12,68
NXT04UAZ6GA,UIG63BYG6YB,5/16/11,88
NXT04UAZ6GA,KWZ21JOQ3EZ,1/20/13,50
OAD49KOS8XG,WOF55HVN4WB,7/14/11,44
OAD49KOS8XG,YEV49AJO4CP,10/30/12,75
OAD49KOS8XG,DHV77OSM0WW,5/17/12,36
OAD49KOS8XG,IEF48LKA0SW,2/27/13,89
OAD49KOS8XG,ISH25QCO7GS,3/18/13,15
OKI85HZK4FY,NHA26CKM0FJ,11/6/12,16
OKI85HZK4FY,VJL05COJ6JJ,9/27/11,71
OKI85HZK4FY,USO41UEO0LF,2/20/12,86
OLO59QRC3JL,GXS71QGK7OW,12/16/12,90
OLO59QRC3JL,KTX61BTR6SV,10/9/11,79
OLO59QRC3JL,YDW89FSR3NM,8/31/11,37
OLO59QRC3JL,DIK79ZMS4XB,9/8/11,73
OLO59QRC3JL,VYV80TNK3ZN,10/1/11,98
OLO59QRC3JL,GTG85XBV6KM,10/26/12,37
OLO59QRC3JL,MMU13ALC3XP,7/20/12,100
OPQ06CJN0HV,HGE58LPT2BA,4/9/12,95
OPQ06CJN0HV,QWJ63LNE5BA,12/13/12,33
OPQ06CJN0HV,FGB83YKL3ZK,11/5/11,41
OPQ06CJN0HV,ERR65DFH0ST,12/15/11,85
OQE94NRB8BJ,ALW83GGO2PQ,3/31/12,50
OQE94NRB8BJ,BZJ57ZLB6UD,11/13/11,27
OQE94NRB8BJ,MFO81UHN0PQ,8/5/12,32
OQE94NRB8BJ,JRE15SFA1WR,1/27/13,16
OQE94NRB8BJ,DBI65FJK7BT,9/20/11,12
OQE94NRB8BJ,UDI07CFU3RW,6/30/12,16
OQE94NRB8BJ,VVT70VJJ0LH,6/6/12,60
OQE94NRB8BJ,XIN83CDO7II,10/19/12,85
OQE94NRB8BJ,SKL34OZL6RJ,5/23/11,90
OQE94NRB8BJ,FFW33YDV2VH,8/18/11,94
OVM75MGO7KT,VAZ50AUN8EL,11/3/11,73
OVM75MGO7KT,QLZ57DGB2IB,5/18/12,1
OVM75MGO7KT,YNF05OGA3UA,11/1/11,80
OVM75MGO7KT,NAX71SHN4UG,10/13/11,3
PIV30NPG6WF,UOM76AVY9BW,5/27/12,16
PLM98PXP9CJ,XYS86LAY9JU,8/22/12,69
PLM98PXP9CJ,CZQ59UGN7QV,7/29/11,13
PLM98PXP9CJ,RKY93GFM6UF,11/9/11,7
PMA79KQM0PU,OJD30FGC7UQ,12/10/12,84
PMA79KQM0PU,ZWR02PTC1HB,12/11/11,26
PMA79KQM0PU,UXT19POY1UG,2/20/12,71
PMA79KQM0PU,UQS92LZZ9CV,3/12/12,79
PQW10DYG1LS,EDM88TGT1LF,10/21/12,84
PQW10DYG1LS,BJF87RDR8IX,8/24/12,10
PQW10DYG1LS,TMN12IJY7LX,10/23/12,29
PQW10DYG1LS,WGI79MZU8CH,12/21/12,34
PQW10DYG1LS,HLZ11QYR0DC,3/13/12,46
PQW10DYG1LS,EGL53DHY9EY,2/23/13,87
PQW10DYG1LS,HIN96ZOV0TV,12/27/12,56
PQW10DYG1LS,SLG69RYR6SJ,2/20/12,97
QDE32FJP0BS,VLB76HCX1AF,10/3/11,76
QDE32FJP0BS,TFK55ZUN8HJ,6/16/11,57
QDE32FJP0BS,IWS06ZVW2AQ,12/15/11,43
QDE32FJP0BS,KOT18FIT2HJ,1/21/13,90
QDE32FJP0BS,XVK39PFL9KS,11/26/12,90
QDE32FJP0BS,XVJ77DQO1IE,2/1/13,22
QDE32FJP0BS,ICF12PTY7CU,6/3/11,6
QDE32FJP0BS,MFS98PUX1AC,3/1/12,23
QDE32FJP0BS,ITJ59UKT7DU,9/29/11,6
QDE32FJP0BS,NVH82ANW5PP,9/9/12,84
QKU16CXC7FE,NAV18GHM8NT,4/21/11,27
QKU16CXC7FE,QWF35KUP3ZR,9/5/12,95
QKU16CXC7FE,KGQ95QZT6CI,7/20/11,21
QKU16CXC7FE,LEA57WIT3CB,11/16/11,79
QKU16CXC7FE,MXP45GNZ6SQ,1/26/12,11
QKU16CXC7FE,BWZ57EST5UV,11/18/12,26
QKU16CXC7FE,BTN30OYJ6RS,4/21/12,44
QKU16CXC7FE,MYS09LBJ4SJ,8/4/12,65
QKU16CXC7FE,KZY16LGI1LE,5/8/11,72
QKU16CXC7FE,UHN01FJI3RJ,11/29/11,65
QKU16CXC7FE,WHJ04FSR9XU,3/27/12,1
QKU16CXC7FE,BRV09JIV9OW,10/31/11,93
QKU16CXC7FE,VIP39ESO7FU,7/9/11,38
QLZ73WCN8MB,OBH61HSO4SZ,7/16/11,75
QLZ73WCN8MB,ELU59RGL6QW,5/4/11,82
QLZ73WCN8MB,AJR43FGU5HU,7/17/11,27
QLZ73WCN8MB,IBT52QAT7OM,9/10/12,83
QLZ73WCN8MB,AIU67MOR4UQ,9/13/12,62
QLZ73WCN8MB,IZX75MGA9XZ,8/16/11,17
QLZ73WCN8MB,YXX33QWP8PO,4/23/12,6
QLZ73WCN8MB,ZDV20DHC7UM,6/23/11,37
QSL40IMN2RP,IYV28YJY3ZL,6/6/11,83
QSL40IMN2RP,NKN07MNP9DY,9/15/11,96
QSL40IMN2RP,NXP63VWV1FY,1/25/12,14
QSL40IMN2RP,XDB66UUV2GI,10/4/12,94
QSL40IMN2RP,HFV37EFS2IQ,7/4/11,49
QZK16OOQ1OT,ANO75AVA1QI,9/24/12,94
QZK16OOQ1OT,VGD01TUS8YN,11/12/12,92
QZK16OOQ1OT,DVT86MIO0VM,8/13/11,72
QZK16OOQ1OT,DFS36FVA1YT,5/16/12,23
QZK16OOQ1OT,NEZ42UDK5VY,3/7/13,36
QZK16OOQ1OT,BAX79UNM5CR,3/27/12,22
QZT77BDQ2NP,YWR51XBO0CJ,3/8/12,78
QZT77BDQ2NP,QDY28UDQ0RM,8/24/12,1
QZT77BDQ2NP,DKL88FCU7BP,4/17/12,63
RLP75CVP3QB,OES06YAR4KU,9/25/11,45
RLP75CVP3QB,XBQ60YHG6XL,3/7/13,49
RLP75CVP3QB,UNZ90LCY1DR,12/5/11,31
RLP75CVP3QB,AOE41QLR7KD,10/6/11,83
RLP75CVP3QB,CLE48RVH3WL,11/14/12,40
RMC53VOJ8KU,PZR87CTQ2DX,11/13/11,3
RMC53VOJ8KU,CCB37ONA4ND,8/7/12,14
RMC53VOJ8KU,XXL25VDB6EH,2/11/12,98
RMC53VOJ8KU,CVK83BUR9SX,7/9/11,70
ROU30WDR6HG,XDR85VUK6FL,2/13/12,99
ROU30WDR6HG,UAM58FVM5KW,10/12/11,38
ROU30WDR6HG,OVK51LUW3OB,3/25/12,81
ROU30WDR6HG,HIH88NPV6SP,4/9/12,19
ROU30WDR6HG,KCQ48BIC4CE,12/21/12,79
ROU30WDR6HG,XSN87OYZ6JC,12/15/12,11
ROU30WDR6HG,ZQP48RMM3JM,6/22/11,26
ROU30WDR6HG,MRY79JBG6YW,5/29/11,99
RSB46TPS5MV,PTO52LYN8ND,12/20/12,43
RSB46TPS5MV,SJK18UZK5WY,9/22/12,54
RSB46TPS5MV,TEM84ZKZ5YB,8/8/12,50
RSB46TPS5MV,GTC56FAJ7CZ,8/4/12,77
RSB46TPS5MV,XWB25YGZ8CR,10/9/11,88
RSB46TPS5MV,JYD10UZL9ZQ,2/27/13,28
RSB46TPS5MV,JWG18AXY0HZ,2/28/12,15
RSC57IIF8WH,RKY75LBD2QT,4/20/11,79
RSC57IIF8WH,HGX96GWI1VR,8/28/11,55
RSC57IIF8WH,CLJ69FFY3AM,6/6/11,90
RSC57IIF8WH,PMI11CFP2QD,11/2/11,85
RSC57IIF8WH,FXG59WLF4AM,11/8/12,36
RSC57IIF8WH,PDI09XEU1OD,9/16/11,7
RSC57IIF8WH,BYH27SNH4GO,9/19/12,75
RSC57IIF8WH,JHL16PIV4JE,6/9/11,61
RSC57IIF8WH,EHA33KCM2CF,9/6/11,29
RTX43GFB5JS,NKP38IYT6ZQ,11/21/11,14
RTX43GFB5JS,FHJ57QFD4NR,9/21/11,68
RTX43GFB5JS,UBQ79ORO5ZI,3/2/13,2
RTX43GFB5JS,GWM24RRT5DM,1/5/12,100
RTX43GFB5JS,ZLH74AWS8LI,2/6/13,2
RWZ36FWJ5PI,ECM67KWW5CT,6/7/11,88
RWZ36FWJ5PI,FJD40GJD0QH,6/18/12,32
RWZ36FWJ5PI,HNT66PAG7XO,9/5/11,72
RWZ36FWJ5PI,IOV24NXB6GY,9/3/11,90
RWZ36FWJ5PI,MHZ96FWE8ZQ,9/1/11,39
RWZ36FWJ5PI,TXD54JAR9NK,8/19/12,47
RWZ36FWJ5PI,WAK24VZF7LS,5/6/11,83
RWZ36FWJ5PI,QPD13KMZ6QO,7/23/12,71
RYH33TKU5RB,DTV47FLS0NV,7/19/11,83
RYH33TKU5RB,GTI82RKV2CN,2/7/13,38
RYH33TKU5RB,MLO91MJX2LA,7/11/12,93
RYH33TKU5RB,WCA68TEY2CJ,7/15/12,33
RYH33TKU5RB,VXG27ZIH8WC,11/12/12,11
RYH33TKU5RB,SSL41FQC7ZU,4/29/11,17
RYH33TKU5RB,PUM38RQR5QU,6/18/11,78
RYH33TKU5RB,YFD21QTX3SO,12/24/12,51
RYP97WRA9JI,ICE22ODQ5IY,8/24/11,19
RYP97WRA9JI,ANB56QEM3WE,7/5/11,50
RYP97WRA9JI,ZTJ17LPV0VB,12/27/12,31
RYP97WRA9JI,SFV76TPJ9SL,5/1/11,75
RYP97WRA9JI,GNK13CAW5GP,3/15/12,91
SAO96WFP9VO,XPR99RFD4SJ,12/4/12,92
SAO96WFP9VO,PRP91PCP4ZM,9/19/11,36
SAO96WFP9VO,DAC48AAA5UJ,11/5/12,87
SAO96WFP9VO,PMA15YPR9AZ,1/6/12,35
SAO96WFP9VO,GVS78BTU8OE,5/17/12,72
SEF60DOV5ZZ,NDG49CJT6EK,1/4/12,67
SEF60DOV5ZZ,NUT12QOF7OG,3/22/13,13
SEF60DOV5ZZ,SFC05VXG6SN,12/29/11,95
SEF60DOV5ZZ,LBU18FEB8QS,5/1/11,96
SEF60DOV5ZZ,PEM74WAR2AF,5/21/12,70
SIE88QWL0HN,PQC27EOF7WO,2/18/13,77
SIE88QWL0HN,XJV43RFR5HJ,3/1/13,18
SIE88QWL0HN,JIE08UKJ2MY,8/12/12,14
SIE88QWL0HN,CJY90NZF2LW,1/26/12,96
SIE88QWL0HN,FNP06TKE2MM,4/21/12,37
SIW26UOP8WD,VNO17XWS1DC,8/9/12,9
SIW26UOP8WD,RVE66NIW2AJ,5/22/12,19
SIW26UOP8WD,VNL77NOH4YW,4/10/11,37
SIW26UOP8WD,KWQ72IEQ0TV,7/30/12,51
SIW26UOP8WD,MKN37AZM4LU,1/19/12,83
SIW26UOP8WD,MBL02NHK9KN,6/28/12,40
SIW26UOP8WD,AAO13KGO4IZ,10/3/11,58
SJU08AHM8DW,AEV25WUT2NR,9/10/12,83
SJU08AHM8DW,SBT38BUI0NJ,10/3/12,41
SJU08AHM8DW,IAO00VUF9GK,10/11/11,8
SJU08AHM8DW,YCE23POY1KP,10/29/12,51
SOE17LDX9MK,USK82OTC8KZ,12/25/11,10
SOE17LDX9MK,XIR26YAV1GC,7/19/11,45
SOE17LDX9MK,FTK12VOM0SH,3/1/13,64
SOE17LDX9MK,SDV03VWA2NI,3/13/13,36
SOE17LDX9MK,PIS77YLS7VG,4/7/12,91
SRB75XZW0RQ,TFN94MYL6RI,8/31/11,62
SRB75XZW0RQ,RRE66BYD0GO,2/16/13,45
STZ54LKX3HQ,XIX65RXL7IP,10/22/11,40
STZ54LKX3HQ,XTM91CCU0AH,7/21/12,93
STZ54LKX3HQ,PAH98FKS4ZY,10/29/11,1
STZ54LKX3HQ,BBC18QDE6JQ,8/1/12,53
STZ54LKX3HQ,GWK30FBT9DS,9/8/11,85
STZ54LKX3HQ,WAD58TOX5RP,11/22/12,13
STZ54LKX3HQ,FSP37GKT4CF,4/1/12,52
TAB74NMT9QC,UOR57HWP0BK,3/2/12,55
TAB74NMT9QC,GVN51RHQ9UD,6/21/12,80
TAB74NMT9QC,OVZ56INH6FD,3/12/12,80
TAB74NMT9QC,JKN26API8VH,8/21/11,86
TAB74NMT9QC,ITP93WDA3DZ,5/11/12,33
TAB74NMT9QC,EJA71ZQI0AG,7/27/12,75
TAB74NMT9QC,OGG35YCE0GW,12/18/11,100
TAB74NMT9QC,LAW63JVR4IP,9/20/12,84
TAB74NMT9QC,UGW00TIQ9TH,2/19/12,54
TAB74NMT9QC,VOO83GMV1WM,8/12/11,47
TAQ52VSX1GM,WQY87AXF7AU,12/4/12,81
TAQ52VSX1GM,VYO93NHD0QT,12/14/12,21
TAQ52VSX1GM,RXK04PVS7BK,11/13/12,94
TAQ52VSX1GM,LBD51MNK5DI,8/5/12,95
TAQ52VSX1GM,VZS29XFW7JD,12/3/12,95
TAS77YFE8IY,NVR77KLB2TI,12/25/11,89
TAS77YFE8IY,TYP00RXH6XQ,11/6/11,86
TJC62JHR6MB,VTT07EOL4OI,11/14/11,80
TJC62JHR6MB,SGU73LMV0JA,8/29/11,92
TJC62JHR6MB,BMP62EZB8ZE,6/1/11,72
TJC62JHR6MB,IMK64AUY5ZH,4/11/12,13
TJC62JHR6MB,OBM49VIY9JJ,12/3/12,14
TJC62JHR6MB,AOG10RYH2GL,8/29/11,84
TJC62JHR6MB,DOT70PAV1FO,2/19/13,21
TKY56WUR8BL,JPK70RUT6ZR,1/31/13,27
TKY56WUR8BL,FDP75HYS6IG,10/8/12,5
TKY56WUR8BL,NQX41OYM1LA,7/5/12,69
TKY56WUR8BL,WBA34GEJ5AP,8/22/12,61
TKY56WUR8BL,RNA59BFE6RW,5/5/11,84
TKY56WUR8BL,EJH81OHD5QX,11/4/12,49
TKY56WUR8BL,MSJ82ZFT1AU,2/28/12,4
TKY56WUR8BL,VXC85XKQ2UP,5/25/11,21
TKY56WUR8BL,BOW90QVY3MM,9/28/11,13
TKY56WUR8BL,JHP73LGN3AK,8/31/11,95
TKY56WUR8BL,NQL10QGW9BU,1/1/12,13
TPW59UQC5NX,WOG35IDS0RC,9/5/12,10
TPW59UQC5NX,OGR18CDA7PM,10/20/12,38
TPW59UQC5NX,MVU90ECW6AR,11/21/11,87
TPW59UQC5NX,KKF87XFK1WL,12/5/11,21
TPW59UQC5NX,SHJ88LPY3YJ,11/6/11,93
TPW59UQC5NX,IXF48IIK3KY,8/16/12,80
TPZ25EDR9PD,HDO43IRK5VU,5/4/11,80
TPZ25EDR9PD,YCQ46LXN8ZJ,11/5/11,82
TPZ25EDR9PD,BMX54LYR8NO,6/11/11,67
TPZ25EDR9PD,HCW42HPK0MX,7/26/11,73
TPZ25EDR9PD,CIQ83FGM7XI,2/24/13,14
TPZ25EDR9PD,LAF24URE4LA,7/16/12,29
TPZ25EDR9PD,SZR17EDJ0LL,12/27/12,65
TPZ25EDR9PD,CIS66BWI7UR,7/9/11,26
TPZ25EDR9PD,TKP57MQM7QB,11/20/11,73
TPZ25EDR9PD,FAM41SKW4AP,12/31/12,29
TQF37IRK4IN,UJO51TRX3EX,6/18/12,86
TQF37IRK4IN,ZIS39RXW3QR,1/29/13,35
TQF37IRK4IN,NOZ80AWK2VF,10/17/11,11
TRL54FUZ8VW,WKX11GDC0ZS,12/2/11,32
TRL54FUZ8VW,NXW32CLI1LB,9/24/11,9
TRL54FUZ8VW,DPV78NOG6NG,11/21/12,66
TRL54FUZ8VW,ZHN84AUD7LD,7/8/12,14
TRL54FUZ8VW,UJG32QZK9RK,2/20/13,1
TRL54FUZ8VW,PJP41QOX7PS,12/21/12,54
TRL54FUZ8VW,XKH72RRW3TJ,2/4/13,64
TRL54FUZ8VW,DPM62RWR9II,10/24/12,87
TRL54FUZ8VW,VFE62XSA9RA,11/8/12,33
TUX35IEO1MU,JUM25QZA4FT,12/7/12,93
TUX35IEO1MU,MAP49BTY3PH,1/23/12,55
TUX35IEO1MU,VXU37DPD3WG,12/19/12,54
TUX35IEO1MU,YUA21VJK7EP,7/12/11,82
TUX35IEO1MU,JQU05NSO5LE,5/10/12,70
TUX35IEO1MU,LXM27BCI0BA,1/18/12,78
TXV36FZM0QY,AJY65HRS3RU,10/24/12,4
TXV36FZM0QY,XIE64TRT3CP,1/14/13,46
TXV36FZM0QY,OIY75JBP8QP,9/22/12,100
TXV36FZM0QY,FRK96HZQ8OE,11/10/11,7
TXV36FZM0QY,UIX75XDS1IG,2/16/12,41
UIP99RSK1VV,GJE90KQC8ZL,4/8/12,23
UIP99RSK1VV,ECW30VUH3TV,2/6/13,21
UIP99RSK1VV,YBA73LWG6NB,12/5/11,1
UIP99RSK1VV,EXZ66IRL4VJ,12/27/11,89
UKU35ZDX0GN,KCW19PFL8AU,12/4/12,97
UKU35ZDX0GN,DVD52PAT5FF,9/24/11,40
UKU35ZDX0GN,XLE67EPV7AU,4/27/12,3
UKU35ZDX0GN,DRW87PZL1BX,12/30/12,10
UKU35ZDX0GN,UIJ43PVR8EJ,9/17/11,74
UKU35ZDX0GN,EGD60WTY9QT,7/11/11,24
UKU35ZDX0GN,MED55GUV1PK,9/9/12,8
UKU35ZDX0GN,QKS06IUT0CA,12/22/11,93
UKU35ZDX0GN,NRN94YNL8YF,12/11/12,55
UTP91OBF7BL,MBB42RMY8UU,5/28/12,96
UTP91OBF7BL,VCT03XAF1VX,8/24/11,75
UTP91OBF7BL,CEU91ZYL2BF,9/3/11,57
UTP91OBF7BL,DGH85BBR5FV,1/26/13,10
UUV25OBW8OG,XAE16MVP9DQ,9/1/11,85
UUV25OBW8OG,UFQ18FBA8PC,12/17/11,65
UUV25OBW8OG,NLX47YNY2GG,7/24/11,93
UYL19LAH5YL,EMS84NQE3RA,4/24/12,69
UYL19LAH5YL,AWB10RPX3EO,11/5/11,81
UYL19LAH5YL,PGM12QPS3OG,12/20/11,29
UYL19LAH5YL,NQL00MVF7UB,4/4/11,60
UYL19LAH5YL,RQZ61EFG7HW,12/5/12,73
UYL19LAH5YL,XTF49EUP1KD,7/7/11,44
UYL19LAH5YL,NVT41AKF7PY,3/28/13,13
UYL19LAH5YL,COL83DPL9CB,5/2/11,99
UYQ36VGZ7ZO,QPB43HSB2GO,1/7/13,7
UYQ36VGZ7ZO,RNE90BTT6PE,2/24/13,32
UYQ36VGZ7ZO,PIE92AJD6JY,7/7/12,92
UYQ36VGZ7ZO,ILQ25UVI2AW,6/4/12,53
UYQ36VGZ7ZO,VRC13ASF1ZJ,9/6/12,37
UYQ36VGZ7ZO,GGD27FMK5NA,7/19/11,53
UYQ36VGZ7ZO,ERI05YSN7PF,11/21/11,14
UYQ36VGZ7ZO,WKR13QRQ2VJ,4/25/12,37
UYQ36VGZ7ZO,CBQ88WKI3SV,5/10/11,96
UYQ36VGZ7ZO,XSW13XBH2IM,10/19/12,38
UZS28DFL1RR,KOL80SXO4MF,2/22/12,9
UZS28DFL1RR,ZTE15DPK2PB,7/3/11,82
UZS28DFL1RR,IZM60ZSW8RP,9/14/11,91
UZS28DFL1RR,GXX17NAQ2MQ,10/23/12,69
UZS28DFL1RR,SEW81USZ7JP,6/12/11,78
UZS28DFL1RR,VRS31YLT0RA,1/16/12,3
UZS28DFL1RR,LUS06PKD7JB,9/21/12,85
VAF96FMK2GS,LFG70GBI1PK,3/31/12,56
VAF96FMK2GS,FZQ92WZN3ME,12/20/11,85
VAF96FMK2GS,HTL48CML1GG,4/18/11,22
VAF96FMK2GS,ASX61VPW0KG,6/22/12,9
VES39QQJ7VX,IXG57GJT0MG,5/20/11,12
VES39QQJ7VX,BYR98WLL0LS,2/24/12,32
VES39QQJ7VX,NRO20YMS1WO,9/27/12,28
VES39QQJ7VX,KPT35FKG0EB,9/27/11,60
VES39QQJ7VX,BUV58UKH3WX,3/10/13,85
VES39QQJ7VX,CIC55RIR8UX,3/22/12,57
VES39QQJ7VX,ONF72GZL1DL,3/27/12,24
VFN53KHX5GT,XRW18TRX4CX,8/23/11,78
VFN53KHX5GT,XXB31HLS5ZR,7/5/11,45
VFN53KHX5GT,ZOA75DGK8UE,8/28/12,26
VFN53KHX5GT,EQR23YFB0HI,8/2/12,31
VFN53KHX5GT,YNA09FMG3EB,3/18/12,51
VFN53KHX5GT,AND17MPD7AD,12/4/11,83
VGP63EMX0BS,EGH01HOF3JW,8/4/11,5
VGP63EMX0BS,ARJ41HGJ6KU,5/15/12,2
VGP63EMX0BS,SAR61LDG5VP,7/3/11,47
VGP63EMX0BS,LNV70DKT4UJ,6/8/12,35
VGP63EMX0BS,ZNH06KBU0KM,3/27/12,99
VLG20SIW1ZQ,CQY33FHS3GA,3/16/13,85
VLG20SIW1ZQ,TZQ09YZG4RT,10/7/11,72
VLG20SIW1ZQ,NSJ95PBX9TI,4/7/11,23
VLG20SIW1ZQ,AUK37TCC5TE,10/29/11,17
VLG20SIW1ZQ,GXL77UGO0GN,12/23/12,42
VLG20SIW1ZQ,FQO92HFB8TE,2/26/12,26
VLG20SIW1ZQ,HZF16MRW0TL,6/20/12,67
VMC32RZX4YD,VOD23CPK6IM,5/23/12,76
VMC32RZX4YD,SZV32QWF9QR,11/12/11,47
VMC32RZX4YD,UNA69VNW2YV,7/15/12,72
VOT64HRU1PF,CKP90ZGF9PL,4/20/12,11
VOT64HRU1PF,OBK07TRE8XI,12/10/12,45
VOT64HRU1PF,YQC06CCK7FO,11/3/11,26
VOT64HRU1PF,ASS60IXL8PJ,9/26/12,94
VOT64HRU1PF,OBL10KDY1UA,3/20/13,8
VOT64HRU1PF,NHD49XFC9YE,6/13/11,5
VOT64HRU1PF,TMD66PVW1BP,2/25/13,73
VOT64HRU1PF,UMS97ODB4RM,11/27/11,97
VOT64HRU1PF,EQE67OHT5HU,10/25/12,66
VWL04SIX4OA,NOX61GZC7ZB,4/16/12,20
VWL04SIX4OA,YIJ90QHM6DF,12/22/11,100
VWL04SIX4OA,DBN91VOO3WQ,1/24/12,74
VWL04SIX4OA,OVF47NBD4WS,5/4/12,11
VWL04SIX4OA,FCF91TFC7ML,10/5/11,83
VYP19XTP8OX,FQY19QMW7TQ,7/13/11,97
VYP19XTP8OX,KIR32FSK4HC,9/17/11,19
VYP19XTP8OX,YYD90TRU9LV,2/22/13,51
WDA42WAL2ZN,CNV99XSQ1QV,11/29/11,36
WDA42WAL2ZN,AQV65QYH8DO,3/20/13,10
WDA42WAL2ZN,XCQ63IKY2YO,8/24/11,61
WDA42WAL2ZN,FFS82ZLS8QQ,2/21/13,57
WDA42WAL2ZN,XXJ38BWS6HL,7/5/12,17
WDA42WAL2ZN,GKO33UAJ1WV,5/30/12,49
WDA42WAL2ZN,XXJ41ZES1GI,1/11/13,44
WDA42WAL2ZN,CJN53GWW0KQ,6/21/12,45
WEQ99IXR4EK,WLO61SFX4JI,9/30/12,3
WEQ99IXR4EK,QTL13QIG6SM,10/29/12,79
WEQ99IXR4EK,JIN00OJC8WG,8/18/12,17
WEQ99IXR4EK,BAM32FSS7UL,3/14/12,42
WHI19EJD8TL,DGD25QAN8WC,8/19/11,75
WHI19EJD8TL,FUE84DHF3RM,3/2/13,19
WHI19EJD8TL,DYL30AKI3YZ,7/14/11,1
WHI19EJD8TL,RHS11COM1CA,7/4/12,84
WHI19EJD8TL,BIL33WDD1ZX,4/13/11,50
WHI19EJD8TL,UIN89KDQ9EM,7/27/12,44
WHI19EJD8TL,NMP70ZUY4XI,8/31/11,21
WHI19EJD8TL,ZTD23VED5PY,5/21/12,6
WHI19EJD8TL,DUM93MJI0FN,11/25/12,55
WHI19EJD8TL,AOJ26NVS4TS,10/2/11,81
WKS92PZT2QV,GFR38HFK0QO,9/23/11,22
WKS92PZT2QV,PZR59GFZ1SE,11/12/12,47
WVN66EOQ6PJ,UEH08ISF5SX,3/28/13,43
WVN66EOQ6PJ,PTD02THU1IA,5/2/12,3
WVN66EOQ6PJ,VLA81PFJ2QL,11/8/11,90
WVN66EOQ6PJ,NVM23YBB3ES,1/28/12,84
WVN66EOQ6PJ,ZTS53XKI9YF,10/8/11,20
WVN66EOQ6PJ,UPB00GZZ3DR,12/4/11,41
XDB69IKE2MF,BTP92UGC3IN,2/21/13,44
XDB69IKE2MF,QPP61UXU2PZ,11/28/11,68
XDB69IKE2MF,FTV09UNX9KF,7/31/11,40
XDB69IKE2MF,NXS37HHW0IJ,3/24/13,26
XDB69IKE2MF,XWA96OVX4ZP,11/30/12,49
XDB69IKE2MF,PSB01BDT6GM,12/8/12,78
XDB69IKE2MF,CQZ95BXM3RX,8/2/12,21
XDB69IKE2MF,EHF84YXE9WG,6/18/12,76
XDB69IKE2MF,LTM04TAW6IK,9/20/12,71
XDB69IKE2MF,XCW76LQA0AG,6/11/12,70
XDB69IKE2MF,SPE20LPC4RP,1/22/12,57
XLY03SXE4YZ,ZDG71DLS8TC,10/28/11,9
XLY03SXE4YZ,RRV41LBN3TH,2/2/12,19
XLY03SXE4YZ,MRY55RAZ6EJ,6/29/11,6
XLY03SXE4YZ,ZJV33QIV9BY,11/4/12,72
XLY03SXE4YZ,HYP59WMT7EP,2/15/12,10
XLY03SXE4YZ,VXD08IEO7YH,8/28/12,64
XLY03SXE4YZ,TMG90CAD4VF,5/2/12,86
XLY03SXE4YZ,ISH38EOE3CF,11/9/12,60
XLY03SXE4YZ,GOJ37YOA7YH,10/19/11,75
XSF36YHL4XK,QUD72KQH1HW,11/5/12,20
XSF36YHL4XK,WIS28LMR7SD,4/16/11,74
XSF36YHL4XK,HOO88FJR6RF,10/14/11,18
XSF36YHL4XK,CEG40YWL7AS,5/27/11,20
XSF36YHL4XK,XSI71ZIH8LS,5/2/11,69
XSY13LWB9VS,HXX75WYM2HK,12/17/12,93
XSY13LWB9VS,NVS58NWN8HE,11/26/12,28
XSY13LWB9VS,ZPX07EJD1HN,1/4/13,30
XSY13LWB9VS,UAW32SNT5VS,7/18/11,40
XSY13LWB9VS,VUS04UBZ7FP,2/22/13,7
XSY13LWB9VS,WPL88DRV0VG,9/30/12,66
XSY13LWB9VS,UHN60QIC7WN,1/27/12,15
XTR92CAY3TW,KAM16ZMQ7GH,6/3/11,64
XTR92CAY3TW,JGI07FKM2TU,4/11/12,21
XTR92CAY3TW,VOW99VBI5YF,2/23/12,28
XTR92CAY3TW,NES36MJI8EL,4/21/12,40
YLS09RNP1RB,XZY16FJA3VG,3/21/12,91
YLS09RNP1RB,MJJ39HVY9GC,11/15/12,42
YLS09RNP1RB,GZQ73GRY7XR,11/23/12,57
YLS09RNP1RB,EVO24YSE8WV,12/6/11,97
YLS09RNP1RB,ALP69ZSP5GD,9/7/12,84
YLS09RNP1RB,DMS24GYJ1TV,9/25/12,37
YLS09RNP1RB,FSR40XFM1BH,6/14/11,94
YLS09RNP1RB,ZNO73KZK4QG,5/16/12,26
YLS09RNP1RB,ZYK92YRD5MT,11/5/12,7
YON52ANT6CX,AES00SSO3TB,11/19/12,66
YON52ANT6CX,UQH71ANG8VP,5/8/11,64
YON52ANT6CX,KCH47FXK3TR,11/22/12,3
YRE26ROH7MH,KLB89DMV2QR,2/7/13,77
YRE26ROH7MH,JXR99AQZ9BR,1/3/12,70
YRE26ROH7MH,CSN85YJU5EK,8/13/12,100
YRS18WFU8AQ,PYX56BZF9RG,6/18/12,23
YRS18WFU8AQ,OGS79LDB9BU,5/20/12,35
YRS18WFU8AQ,RXE48XBC5RQ,9/7/11,47
YRS18WFU8AQ,GGK65UYV1OG,12/8/12,77
YRS18WFU8AQ,UEP98RHP3KL,9/20/11,74
YRS18WFU8AQ,WVI66ZSO4CW,9/18/11,49
YRS18WFU8AQ,LFX79HTX0BK,1/17/12,51
YRS18WFU8AQ,DLE27PLX2CH,1/28/12,71
YTZ07BNW3UX,PXG42OYY8MW,2/17/12,10
YTZ07BNW3UX,YPM53MJY3CN,7/27/12,92
YTZ07BNW3UX,MFG54WDS0IE,7/24/11,12
YTZ07BNW3UX,GYG00SVF7AV,3/14/13,88
YTZ07BNW3UX,TEP73YEL0EA,8/26/12,5
YXE78XRL4AS,AKL68LWO8HB,12/23/12,29
YXE78XRL4AS,KWC17VSY6FY,5/23/12,66
YXE78XRL4AS,CWL97PVH8HJ,10/30/12,38
YXE78XRL4AS,HMI27WQR6GJ,9/1/11,81
YXE78XRL4AS,JPY04TNZ6DY,5/24/11,65
YXE78XRL4AS,PQO64QIV5TH,2/22/12,80
YXE78XRL4AS,AGR62MKU4MC,9/2/12,22
YXE78XRL4AS,STO96OYK5IS,12/11/12,34
YXE78XRL4AS,LSQ95KLN2WL,6/7/11,13
YXX97IWI0VF,IYM37ZQT3CW,2/6/13,59
YXX97IWI0VF,ZQJ83AQA5EB,12/13/12,4
YXX97IWI0VF,EYE84ROY8VK,10/7/11,55
YXX97IWI0VF,FPX68VNN6WE,11/14/12,47
YYQ48MLL4FI,DAB15SOW7CR,4/26/11,34
YYQ48MLL4FI,HLA84MEL5YN,10/6/11,55
YYQ48MLL4FI,YEP82ZFE3DD,2/9/13,67
YYW36DJH3YZ,VUI42QPI7SZ,9/30/12,63
YYW36DJH3YZ,JZN43FJB3PZ,7/2/12,84
YYW36DJH3YZ,XLE78IDJ5LI,2/18/13,36
YYW36DJH3YZ,PFQ75ERF6AH,3/8/13,67
YYW36DJH3YZ,RFC56ZXG9CE,12/27/11,9
YYW36DJH3YZ,SAO56QMW4HL,7/27/12,95
YYW36DJH3YZ,VHU72LZB4FA,9/16/11,15
YYW36DJH3YZ,MXL76JTS0UX,7/31/12,7
ZGF25MQB1BN,HMY12INS5LR,2/19/13,42
ZGF25MQB1BN,VTO56GDK1ZA,6/18/11,3
ZGF25MQB1BN,BGK98AOG4QK,7/24/12,27
ZGF25MQB1BN,LBZ83XPI4IM,1/29/12,71
ZGF25MQB1BN,HVW73XTD3IG,11/14/11,76
ZGF25MQB1BN,EMA44MBM8HL,2/23/13,87
ZGF25MQB1BN,FKG31EFA1ZH,1/26/12,12
ZGF25MQB1BN,DKW35YMK8PF,4/27/11,9
ZHI76KVB4NW,KOM57DWO3RY,8/11/12,85
ZHI76KVB4NW,UTW70JUM3SY,8/24/11,38
ZHI76KVB4NW,ASE55POS1IB,8/12/11,12
ZHI76KVB4NW,VSO40CYL7PR,11/22/12,23
ZHI76KVB4NW,PGR47XYY6QS,6/8/11,65
ZIK02HYD5SI,CYK94CUG7HV,4/15/12,63
ZIK02HYD5SI,MPO45XLL7KJ,3/8/13,80
ZIK02HYD5SI,IDU74KPR5II,4/27/11,74
ZIK02HYD5SI,KYB83GZT1EI,6/20/12,57
ZIK02HYD5SI,QWP49JBU4AV,1/3/12,94
ZIK02HYD5SI,IPF85WLO8RR,8/31/11,51
ZIK02HYD5SI,TUD13ZEK7BM,5/23/11,51
ZIK02HYD5SI,XNL33BQG8WX,10/11/12,41
ZIK02HYD5SI,KZQ62OBB1LP,10/20/11,8
ZLE17LCL6MI,OUE32FKX5PS,1/13/12,53
ZLE17LCL6MI,LFG91OQU0ZX,10/4/11,79
ZLE17LCL6MI,AOB12CWF1PS,10/7/12,51
ZLE17LCL6MI,RAH46DMD9XS,11/10/12,7
ZLE17LCL6MI,AHQ78PFG9IW,4/14/12,23
ZTM07QTD2TL,WXV33CVJ0LQ,6/5/12,75
ZTM07QTD2TL,AJO58OQB3JB,5/29/11,88
ZTM07QTD2TL,WOS92JXX8TU,1/4/12,45
ZTM07QTD2TL,BPN20GYC5UL,3/15/12,31
ZTM07QTD2TL,EVE13SGF4XH,4/24/12,59
ZTM07QTD2TL,RCW94LJW3QN,12/7/12,13
ZVF86ENY9YF,APK40OOR3AU,2/10/12,25
ZVF86ENY9YF,OZH69RRH1HU,5/28/12,12
ZVF86ENY9YF,HVR60YTP8OS,2/28/13,81
ZVF86ENY9YF,AFX45OPX9MZ,11/19/12,48
ZVF86ENY9YF,BUU06MLP1BJ,12/23/12,73
ZYX46HRL0FX,GHT91EPF8ZT,6/24/12,96
ZYX46HRL0FX,VZC18CHZ5DZ,6/20/11,73
ZYX46HRL0FX,VAH97NMO4FH,6/11/12,94
ZYX46HRL0FX,FKG82XLP1EQ,1/15/13,97
ZYX46HRL0FX,NHY11SXT5KO,11/6/11,31
ZYX46HRL0FX,HSO67FSF2PR,10/27/11,56
ZYX46HRL0FX,FIS96NNG1WS,3/10/13,50
ZYX46HRL0FX,AIX18ZMB9VH,11/20/11,51
ZYX46HRL0FX,SPS03OZJ1IS,3/6/12,25
ZYX46HRL0FX,JYY68LZK4MS,4/20/12,35